"ImageId","Label"
1,1
3,1
13,1
16,1
36,5
38,1
39,1
42,1
53,1
60,1
61,6
62,1
69,1
78,1
80,1
97,1
119,1
125,1
135,1
141,1
153,1
183,1
186,1
192,6
210,1
222,1
225,1
250,1
256,1
257,1
258,1
282,1
296,1
336,1
343,1
372,1
381,1
389,1
401,1
402,1
425,1
427,1
452,1
469,1
477,1
481,1
485,1
492,1
496,1
498,1
523,1
528,1
530,1
541,1
545,1
550,5
585,1
591,1
595,1
599,1
613,1
623,5
629,1
634,1
643,1
646,1
649,1
653,1
684,1
688,1
689,1
699,1
705,1
709,1
711,1
712,5
719,1
725,1
746,1
748,1
749,1
756,1
764,1
778,1
827,1
830,1
831,1
839,1
858,5
867,1
898,6
926,1
938,1
946,1
970,1
976,5
1001,1
1003,1
1014,1
1025,1
1028,1
1042,1
1045,1
1074,1
1076,1
1088,1
1107,1
1120,1
1146,1
1153,1
1171,1
1172,1
1182,1
1186,1
1193,1
1194,1
1210,1
1219,1
1222,5
1237,1
1246,5
1268,1
1269,1
1277,1
1291,1
1295,1
1303,1
1341,1
1348,1
1350,1
1362,1
1368,1
1374,1
1379,1
1381,1
1389,1
1399,1
1406,1
1410,1
1411,1
1412,1
1414,1
1416,1
1421,1
1423,1
1431,1
1434,1
1436,1
1447,1
1452,1
1459,1
1465,1
1472,1
1476,1
1480,1
1487,1
1497,1
1501,1
1504,1
1506,1
1520,1
1525,1
1529,1
1542,1
1548,5
1560,1
1571,1
1573,1
1613,1
1627,1
1636,1
1642,1
1643,1
1649,1
1650,1
1663,1
1666,1
1667,1
1672,5
1717,1
1737,1
1743,1
1744,1
1752,1
1756,6
1773,1
1774,1
1784,1
1792,1
1813,1
1836,1
1845,1
1846,1
1850,1
1851,1
1859,1
1862,1
1868,1
1873,1
1884,6
1889,1
1900,1
1909,1
1932,1
1943,1
1946,1
1965,1
1966,1
1967,1
1969,1
1973,1
1977,1
1978,1
1980,5
1981,1
1993,1
1995,1
2002,1
2006,1
2021,1
2024,5
2025,1
2034,1
2035,1
2051,1
2053,1
2060,1
2062,1
2074,1
2080,1
2083,1
2087,1
2100,1
2102,1
2107,1
2109,1
2110,1
2118,5
2121,1
2127,1
2170,1
2174,1
2191,5
2205,1
2207,1
2210,1
2216,1
2223,1
2231,5
2232,1
2239,6
2246,1
2248,1
2252,1
2257,1
2277,5
2281,1
2284,5
2285,6
2286,1
2293,1
2302,1
2313,1
2314,5
2317,1
2324,1
2339,1
2340,1
2341,5
2357,1
2363,5
2364,1
2365,1
2372,1
2374,1
2381,1
2409,5
2411,1
2430,1
2432,5
2475,1
2481,1
2483,1
2492,1
2494,5
2501,1
2518,1
2523,1
2550,1
2561,1
2583,1
2590,1
2592,1
2593,1
2598,5
2600,1
2611,1
2623,1
2638,1
2639,1
2652,1
2661,1
2664,1
2670,1
2677,1
2684,1
2697,1
2701,1
2715,5
2720,1
2722,1
2736,1
2738,1
2749,1
2755,1
2757,5
2768,5
2780,1
2785,5
2787,1
2788,1
2793,1
2811,1
2825,1
2834,1
2837,5
2842,1
2847,1
2857,1
2882,1
2886,1
2890,5
2895,1
2896,1
2906,1
2913,1
2943,1
2952,1
2955,5
2957,1
2970,1
2984,5
3004,1
3008,1
3011,5
3030,1
3108,1
3119,1
3121,7
3131,1
3135,1
3139,1
3146,1
3150,1
3173,1
3190,1
3197,1
3201,1
3241,1
3252,1
3259,1
3261,1
3266,1
3267,5
3290,1
3295,1
3313,1
3314,5
3315,1
3322,1
3328,1
3333,5
3337,1
3358,1
3359,1
3369,1
3401,1
3416,1
3418,5
3419,1
3422,5
3424,1
3442,1
3443,1
3448,1
3475,1
3489,1
3491,1
3496,1
3500,1
3506,1
3528,1
3537,1
3540,1
3554,1
3570,1
3578,1
3581,1
3587,1
3589,1
3610,1
3625,5
3627,1
3633,1
3645,1
3656,1
3672,1
3685,5
3690,1
3697,1
3736,5
3753,1
3756,1
3761,1
3764,1
3784,1
3793,1
3798,1
3803,1
3811,1
3825,1
3846,5
3847,7
3850,1
3854,1
3856,1
3876,1
3886,1
3888,1
3898,1
3901,1
3912,1
3932,1
3933,1
3942,1
3947,1
3953,1
3960,1
3962,1
3972,1
3982,1
3983,1
3985,1
3988,5
3989,1
3992,1
4010,1
4018,1
4040,1
4056,5
4064,1
4070,1
4077,1
4111,1
4142,1
4146,1
4158,1
4166,5
4173,1
4182,5
4203,5
4205,1
4217,1
4219,1
4223,1
4230,1
4231,1
4234,1
4248,1
4261,1
4264,1
4266,1
4295,1
4307,5
4308,1
4311,1
4317,1
4324,1
4329,1
4346,1
4361,1
4366,1
4368,1
4370,5
4376,1
4380,1
4395,1
4396,1
4403,1
4404,1
4424,1
4436,1
4440,1
4441,1
4453,1
4454,1
4459,1
4486,1
4510,5
4511,1
4524,1
4530,1
4532,1
4539,1
4554,1
4557,1
4566,1
4575,1
4578,1
4590,1
4615,1
4631,5
4643,1
4647,1
4665,1
4676,5
4680,1
4686,1
4688,1
4698,1
4710,1
4717,5
4722,1
4742,7
4751,1
4752,1
4763,5
4775,5
4787,1
4790,7
4794,1
4795,1
4798,1
4802,5
4804,1
4808,1
4818,1
4836,1
4847,1
4857,1
4874,1
4879,1
4881,1
4884,1
4897,5
4900,5
4912,1
4920,1
4931,1
4932,1
4934,1
4942,1
4948,5
4949,5
4951,7
4954,1
4986,1
4992,1
5006,1
5014,5
5023,1
5026,1
5029,1
5043,1
5061,1
5068,1
5080,5
5082,1
5090,1
5093,1
5097,1
5108,1
5112,1
5124,1
5147,5
5150,1
5161,1
5168,1
5172,1
5179,1
5200,1
5202,1
5226,1
5229,5
5230,1
5240,1
5249,1
5257,1
5259,1
5264,1
5266,1
5267,1
5276,1
5279,1
5282,1
5283,5
5296,1
5298,1
5301,1
5312,5
5314,1
5346,1
5348,1
5372,1
5374,1
5387,1
5399,1
5426,1
5428,6
5494,1
5501,1
5503,5
5526,1
5529,5
5535,1
5546,5
5565,1
5566,1
5643,1
5651,1
5671,1
5672,1
5673,1
5677,5
5678,1
5700,1
5720,5
5725,1
5731,1
5742,1
5770,1
5772,1
5794,1
5804,1
5809,5
5815,1
5825,5
5838,1
5844,1
5858,1
5872,1
5874,1
5878,1
5880,1
5888,5
5892,1
5907,1
5914,1
5921,1
5928,1
5931,5
5948,1
5987,1
5994,1
6001,1
6021,5
6024,5
6063,1
6067,5
6069,5
6072,1
6089,1
6098,1
6117,1
6139,1
6144,1
6147,1
6158,1
6159,1
6182,1
6187,5
6189,1
6196,5
6207,1
6218,1
6221,5
6222,1
6225,1
6237,5
6247,1
6258,1
6264,1
6270,1
6273,1
6305,1
6306,1
6307,7
6328,5
6337,1
6339,5
6341,1
6356,1
6359,5
6364,1
6366,1
6367,1
6368,5
6385,1
6388,1
6396,1
6397,1
6401,1
6419,1
6422,1
6436,1
6452,1
6455,5
6458,1
6462,1
6474,1
6479,1
6480,5
6487,1
6501,5
6502,1
6512,1
6516,1
6538,1
6539,1
6543,1
6546,1
6549,1
6561,1
6565,1
6567,5
6577,1
6578,1
6585,1
6586,1
6604,1
6606,1
6611,1
6615,5
6635,1
6650,1
6683,5
6699,1
6707,1
6708,1
6710,1
6719,1
6722,1
6724,1
6743,1
6745,1
6746,1
6749,1
6750,1
6761,1
6770,1
6771,1
6773,1
6774,1
6781,1
6786,5
6792,1
6807,1
6810,1
6821,1
6836,1
6840,1
6862,6
6866,1
6869,1
6879,1
6890,5
6907,7
6911,1
6922,1
6924,1
6943,5
6949,1
6950,1
6951,1
6956,1
6962,1
6967,1
6980,5
6984,1
7013,1
7038,5
7048,1
7062,1
7078,1
7084,1
7085,1
7113,5
7115,5
7120,1
7127,1
7150,5
7159,1
7162,1
7174,5
7178,1
7183,1
7194,1
7196,1
7206,1
7208,1
7209,1
7211,5
7215,1
7217,6
7231,1
7234,1
7237,1
7243,7
7261,1
7277,5
7283,1
7287,5
7299,1
7303,1
7313,1
7326,1
7339,1
7343,1
7351,1
7361,1
7362,1
7363,1
7372,1
7377,5
7379,1
7388,1
7390,6
7392,1
7401,1
7406,5
7431,1
7434,5
7445,1
7464,1
7480,1
7493,1
7524,1
7525,1
7527,5
7542,1
7543,1
7557,1
7559,1
7564,1
7571,1
7572,1
7573,1
7583,1
7601,1
7623,1
7642,1
7650,1
7653,1
7654,1
7673,1
7705,1
7709,1
7722,1
7723,1
7739,1
7760,1
7769,1
7779,1
7787,1
7790,1
7795,1
7798,5
7812,1
7827,1
7828,1
7832,1
7842,1
7845,1
7850,1
7859,1
7863,1
7865,1
7896,1
7907,1
7914,1
7918,1
7922,5
7925,1
7937,1
7938,1
7956,1
7960,1
7967,1
7978,1
7986,1
7994,1
8013,1
8027,1
8029,5
8032,5
8036,1
8050,1
8051,7
8053,1
8077,1
8115,1
8121,1
8140,1
8144,5
8148,1
8149,1
8178,1
8180,1
8188,1
8216,1
8217,1
8222,1
8240,1
8245,1
8246,1
8247,1
8248,1
8258,1
8269,1
8277,1
8284,1
8288,1
8305,5
8334,1
8385,1
8393,1
8405,1
8420,1
8424,1
8438,1
8441,1
8452,1
8485,1
8486,1
8503,1
8509,1
8541,1
8559,1
8560,1
8570,1
8576,1
8585,5
8591,1
8597,1
8600,1
8616,1
8619,1
8629,1
8630,1
8632,7
8656,1
8663,1
8674,1
8676,1
8677,1
8689,1
8697,1
8703,1
8710,1
8715,1
8717,5
8723,1
8725,1
8726,1
8727,1
8735,1
8746,1
8751,1
8761,1
8770,1
8781,1
8796,1
8802,1
8811,1
8823,1
8834,1
8846,1
8849,5
8865,1
8867,1
8891,1
8902,1
8907,1
8912,1
8915,1
8927,1
8929,1
8932,1
8939,5
8943,1
8957,5
8963,5
8985,1
9006,1
9010,1
9016,1
9022,1
9023,1
9027,1
9031,1
9,6
20,6
52,6
63,7
81,7
100,6
108,5
120,6
126,6
129,6
145,7
148,7
152,7
163,7
168,6
175,7
187,6
219,1
244,6
245,7
266,6
298,5
302,6
329,7
331,6
346,6
348,6
351,6
368,7
382,7
386,6
390,6
392,7
406,6
415,6
428,7
435,6
444,5
454,6
457,6
461,7
499,7
504,6
512,6
519,1
526,6
527,5
534,6
540,7
544,7
558,6
562,7
570,6
572,1
581,1
588,7
590,7
603,5
627,1
652,7
663,7
666,5
686,6
687,7
697,7
702,6
708,6
738,6
741,5
744,6
747,7
752,7
753,7
755,5
767,7
779,6
783,1
801,1
821,7
842,7
848,5
852,7
901,6
916,5
924,6
931,7
950,1
993,6
997,1
1002,1
1008,7
1038,7
1040,6
1046,7
1050,7
1070,1
1075,7
1082,5
1098,7
1105,7
1113,7
1114,7
1122,6
1131,1
1132,7
1150,7
1156,7
1161,6
1164,1
1200,5
1209,7
1214,7
1232,7
1249,6
1256,6
1266,5
1271,7
1279,6
1281,7
1307,7
1313,6
1318,7
1323,7
1327,7
1353,7
1372,5
1377,7
1382,6
1393,6
1419,7
1439,6
1441,7
1448,6
1467,7
1468,7
1474,1
1477,5
1484,1
1507,7
1508,6
1518,7
1524,6
1531,7
1537,6
1583,7
1592,6
1606,5
1610,7
1611,6
1622,6
1628,1
1641,6
1644,6
1679,6
1693,7
1703,6
1704,6
1715,7
1721,6
1739,6
1751,6
1759,1
1766,6
1768,6
1788,7
1790,1
1793,1
1812,6
1820,6
1822,5
1823,6
1827,6
1833,6
1839,7
1875,1
1876,7
1905,6
1928,5
1931,5
1940,5
1960,6
1983,6
1984,6
1986,5
1997,7
1998,7
1999,6
2005,6
2036,1
2049,7
2068,7
2073,7
2075,6
2084,7
2097,7
2108,6
2126,7
2128,7
2153,6
2157,6
2161,6
2169,7
2176,7
2187,6
2193,7
2202,6
2208,7
2215,6
2219,6
2228,6
2233,6
2242,6
2250,7
2272,5
2275,6
2291,7
2304,6
2310,6
2321,7
2331,5
2336,7
2342,5
2354,7
2368,6
2390,6
2395,6
2397,6
2403,6
2404,6
2408,6
2413,1
2441,6
2451,6
2452,7
2454,6
2466,7
2467,1
2473,7
2486,7
2487,7
2513,5
2525,5
2532,1
2535,7
2538,6
2539,6
2552,1
2556,6
2564,5
2569,6
2584,7
2599,7
2628,1
2640,7
2651,7
2656,7
2680,6
2700,6
2702,7
2707,7
2710,1
2714,6
2727,7
2728,6
2729,7
2732,5
2739,7
2748,6
2751,6
2792,6
2809,6
2812,6
2844,1
2851,6
2858,1
2861,7
2868,5
2872,7
2873,6
2879,5
2892,6
2903,5
2918,7
2925,5
2926,7
2927,6
2959,6
2996,1
3018,6
3048,7
3057,6
3077,6
3090,6
3091,7
3092,7
3095,6
3101,6
3102,7
3105,6
3117,6
3122,6
3152,7
3171,7
3174,7
3202,7
3204,6
3207,6
3220,6
3222,7
3226,6
3237,5
3255,7
3270,6
3281,6
3287,6
3306,7
3308,7
3326,1
3331,1
3341,1
3353,7
3374,7
3375,7
3386,7
3396,7
3405,5
3417,7
3433,7
3434,6
3437,7
3446,6
3449,6
3451,7
3470,6
3472,6
3483,6
3490,6
3516,6
3518,6
3523,6
3525,1
3526,7
3531,7
3535,5
3548,6
3549,7
3564,6
3571,6
3573,6
3579,1
3584,7
3586,1
3592,7
3599,6
3616,7
3622,7
3647,6
3655,7
3661,6
3663,6
3673,6
3680,6
3686,6
3743,7
3749,6
3774,7
3788,6
3800,7
3818,7
3829,1
3831,7
3845,6
3862,7
3872,6
3902,7
3903,6
3916,7
3964,1
3969,6
4004,6
4012,6
4041,6
4044,6
4045,5
4047,7
4067,7
4068,5
4081,7
4092,6
4094,7
4101,7
4116,6
4126,6
4163,6
4174,7
4188,6
4197,5
4200,7
4207,6
4244,7
4247,5
4250,6
4265,7
4269,5
4294,6
4306,6
4319,7
4321,6
4350,1
4365,6
4386,6
4387,6
4408,6
4416,6
4420,7
4423,6
4425,7
4429,6
4474,6
4483,7
4501,6
4507,6
4516,1
4525,5
4541,5
4544,6
4546,6
4548,6
4555,7
4563,6
4581,1
4584,6
4597,7
4601,6
4608,1
4626,7
4632,6
4640,6
4648,6
4670,6
4683,6
4690,7
4696,6
4697,5
4716,6
4731,1
4732,6
4776,7
4777,5
4781,5
4793,6
4811,6
4812,1
4822,5
4823,6
4831,6
4835,7
4854,6
4876,7
4882,6
4891,6
4894,6
4896,6
4906,6
4927,6
4935,6
4937,6
4941,6
4997,7
5062,6
5096,6
5106,7
5111,6
5117,6
5130,7
5134,7
5142,6
5143,7
5162,1
5169,6
5175,5
5186,7
5189,6
5195,6
5196,6
5222,7
5228,6
5234,7
5239,7
5248,7
5251,6
5270,7
5274,5
5290,7
5297,6
5322,1
5349,6
5359,7
5360,7
5401,1
5424,6
5429,7
5450,6
5453,6
5454,7
5464,6
5470,7
5471,7
5476,7
5497,7
5507,6
5523,6
5538,6
5567,7
5569,1
5573,6
5574,6
5594,6
5609,7
5665,1
5666,1
5667,6
5694,1
5696,6
5699,6
5711,7
5743,7
5760,6
5767,1
5776,7
5808,7
5810,6
5843,6
5853,5
5856,6
5864,7
5906,1
5924,7
5932,7
5950,6
5976,6
5984,7
5986,7
5993,7
6015,6
6017,6
6019,6
6027,6
6046,7
6071,7
6076,7
6082,1
6102,1
6105,7
6128,5
6132,7
6136,6
6143,6
6148,7
6150,1
6194,7
6205,5
6211,7
6220,6
6234,6
6238,5
6274,6
6319,6
6321,6
6342,7
6343,6
6353,6
6371,6
6410,1
6430,6
6437,7
6464,6
6471,7
6488,7
6503,5
6506,1
6515,6
6523,6
6526,6
6545,7
6548,6
6562,7
6591,6
6595,7
6619,7
6620,6
6622,7
6623,6
6651,6
6657,7
6660,7
6662,5
6668,5
6670,1
6672,6
6680,6
6684,7
6698,7
6712,7
6752,5
6754,7
6767,6
6789,7
6809,7
6816,6
6824,7
6828,6
6832,6
6837,6
6855,6
6861,1
6882,5
6893,6
6898,6
6906,6
6926,6
6928,7
6940,7
6947,6
6955,7
6958,7
6977,7
6989,7
6995,6
6998,5
7006,5
7020,6
7022,6
7028,6
7040,7
7067,1
7068,6
7083,5
7089,1
7091,6
7095,1
7098,1
7100,7
7121,5
7122,7
7138,7
7140,6
7147,5
7156,6
7166,6
7169,6
7182,6
7212,6
7233,5
7260,7
7289,6
7300,7
7302,7
7327,7
7329,7
7340,5
7344,7
7352,6
7356,6
7378,1
7382,1
7383,6
7399,6
7409,7
7412,7
7416,1
7437,6
7441,7
7456,1
7459,6
7472,6
7474,6
7477,6
7484,7
7492,1
7504,5
7579,6
7590,6
7594,7
7612,6
7613,6
7614,6
7617,7
7624,7
7629,6
7662,6
7677,6
7684,7
7694,1
7699,7
7704,7
7706,7
7710,7
7720,6
7724,7
7771,6
7778,7
7789,6
7801,6
7807,6
7810,6
7815,7
7836,7
7855,7
7894,6
7898,6
7902,5
7933,7
7935,6
7940,1
7943,5
7955,7
7957,6
7975,7
7980,6
7985,7
7989,6
7991,6
7995,7
7996,7
8012,7
8042,7
8043,6
8054,6
8073,5
8079,6
8092,6
8096,6
8110,6
8117,6
8119,7
8146,7
8172,6
8175,6
8179,7
8198,5
8200,5
8214,5
8215,6
8223,6
8254,5
8260,6
8286,6
8318,6
8321,1
8333,1
8344,6
8354,7
8370,6
8391,6
8400,6
8401,6
8417,7
8431,7
8436,6
8442,7
8444,7
8446,7
8469,7
8474,7
8483,6
8489,6
8491,5
8499,6
8522,6
8525,6
8526,7
8540,6
8557,6
8574,6
8578,7
8589,6
8606,7
8610,1
8614,6
8627,5
8641,6
8651,6
8669,7
8680,1
8682,6
8683,1
8695,7
8704,5
8711,7
8738,6
8748,5
8764,6
8793,5
8794,1
8801,7
8813,6
8829,6
8832,6
8842,6
8843,7
8848,6
8854,5
8879,7
8900,6
8903,6
8917,5
8918,7
8931,6
8934,6
8938,5
8954,5
8982,5
8984,7
9009,7
9030,6
9044,6
9045,7
9056,7
9067,5
9068,7
9073,5
9092,7
9101,6
9112,6
9138,7
9146,6
9156,7
9159,6
9162,1
9187,6
9194,7
9196,7
9217,7
9220,1
9257,6
9259,6
9268,7
9272,6
9287,6
9291,5
9297,6
9332,7
9337,6
9348,6
9357,6
9364,7
9369,7
9371,6
9386,6
9394,7
9396,5
9397,7
9401,6
9406,6
9416,6
9419,7
9438,7
9468,1
9471,6
9524,1
9543,5
9559,6
9579,1
9585,1
9596,7
9597,7
9614,7
9616,1
9637,6
9641,6
9673,6
9685,7
9686,6
9689,7
9710,7
9725,7
9728,7
9758,6
9759,6
9782,7
9796,1
9800,7
9808,7
9818,7
9820,5
9822,6
9825,6
9837,6
9851,6
9854,7
9863,1
9877,5
9907,7
9915,7
9926,7
9930,7
9932,6
9933,1
9936,6
9937,7
9951,1
9955,6
9970,6
9988,6
9996,6
10002,7
10009,6
10013,5
10014,6
10015,1
10031,6
10034,1
10038,7
10048,5
10052,6
10058,6
10070,7
10086,7
10094,7
10095,6
10101,5
10104,5
10114,6
10144,6
10149,7
10159,1
10170,7
10171,7
10175,7
10185,7
10215,5
10217,6
10231,7
10235,6
10254,6
10264,6
10266,7
10275,6
10284,6
10294,6
10310,1
10312,5
10313,6
10329,5
10331,6
10336,5
10342,6
10349,6
10361,7
10380,6
10387,6
10397,7
10410,6
10413,7
10431,6
10474,5
10482,7
10498,6
10504,7
10510,5
10516,6
10523,6
10526,5
10556,6
10558,6
10569,6
10573,7
10587,6
10590,6
10591,7
10596,6
10597,6
10609,6
10624,6
10627,6
10632,6
10652,6
10675,6
10679,1
10680,7
10683,6
10687,7
10697,6
10707,7
10710,1
10734,7
10746,7
10747,6
10754,6
10757,1
10759,6
10764,7
10778,7
10784,7
10787,6
10802,6
10804,6
10813,7
10826,6
22,6
27,6
46,6
65,5
73,6
75,1
90,5
92,6
94,5
110,6
124,5
128,5
134,6
160,6
161,6
165,1
180,5
190,5
195,6
203,5
217,1
218,6
228,6
230,6
232,5
253,5
267,6
271,6
283,6
290,5
316,6
318,6
341,5
347,1
353,5
363,6
370,5
375,6
397,6
400,5
408,6
420,5
423,1
443,6
448,6
472,6
501,6
506,5
533,1
551,6
571,6
584,6
592,6
596,6
605,6
608,5
626,6
631,5
635,6
660,1
664,5
685,1
694,5
700,6
714,6
751,6
757,5
768,6
774,6
785,5
788,6
789,5
790,5
792,1
797,6
803,6
834,6
837,6
838,6
853,6
861,6
876,5
877,5
893,6
896,1
899,5
905,6
923,5
925,6
935,6
942,5
955,5
981,5
984,5
987,1
991,5
999,6
1018,6
1022,5
1033,5
1034,6
1053,6
1060,6
1084,6
1085,6
1095,6
1116,6
1118,6
1133,5
1144,6
1151,5
1166,6
1183,6
1195,6
1196,6
1201,6
1202,5
1203,5
1227,5
1229,5
1230,6
1241,6
1253,6
1264,6
1267,5
1275,6
1283,1
1302,6
1309,5
1317,5
1319,6
1320,5
1324,6
1345,6
1346,6
1355,5
1358,1
1361,6
1373,5
1375,6
1390,5
1391,5
1392,5
1400,1
1426,1
1428,6
1430,5
1433,6
1442,5
1466,5
1488,6
1492,6
1509,6
1513,5
1516,6
1521,5
1530,6
1538,5
1552,5
1565,5
1569,1
1575,7
1578,6
1580,6
1593,5
1612,5
1631,6
1655,6
1656,6
1674,6
1688,5
1695,6
1699,6
1705,6
1714,6
1722,5
1726,5
1728,6
1731,6
1770,1
1783,6
1789,6
1798,6
1799,5
1805,6
1806,5
1809,6
1810,1
1831,5
1848,6
1852,6
1853,6
1860,6
1887,6
1892,6
1896,5
1898,6
1906,5
1907,5
1908,6
1913,6
1915,6
1921,6
1925,5
1951,5
1952,1
1954,5
1962,6
1970,5
1975,5
1982,6
2003,6
2017,5
2041,5
2044,5
2050,6
2052,6
2072,6
2077,6
2089,5
2098,6
2099,5
2103,6
2119,6
2154,5
2158,6
2160,5
2165,5
2166,5
2184,6
2188,6
2198,6
2199,6
2206,6
2213,1
2225,5
2259,5
2270,5
2279,5
2283,5
2295,5
2300,6
2319,6
2352,7
2353,6
2371,6
2388,6
2398,5
2401,7
2405,5
2414,6
2421,5
2431,6
2439,1
2478,6
2485,7
2498,6
2533,5
2540,6
2547,1
2562,5
2563,5
2565,6
2576,6
2586,5
2603,5
2605,6
2606,5
2657,6
2663,6
2671,6
2675,6
2686,6
2711,7
2713,6
2717,6
2726,6
2741,6
2753,6
2756,6
2759,6
2767,5
2771,5
2781,6
2783,5
2794,6
2802,6
2807,6
2819,5
2833,5
2838,1
2863,5
2870,6
2885,5
2911,1
2920,6
2924,6
2932,7
2934,5
2937,6
2940,5
2971,6
2974,6
2980,5
2988,5
2989,6
2991,6
3012,6
3036,5
3064,5
3065,6
3076,6
3084,6
3093,5
3099,5
3111,5
3114,5
3126,6
3129,5
3140,6
3175,6
3185,6
3188,6
3194,6
3213,1
3219,6
3234,6
3253,6
3276,5
3277,5
3280,6
3294,6
3301,6
3305,6
3334,6
3335,6
3340,5
3345,6
3347,5
3365,6
3370,6
3371,6
3377,6
3379,1
3381,1
3385,6
3398,5
3409,5
3462,1
3463,6
3464,6
3471,6
3479,6
3492,6
3501,5
3502,5
3509,6
3510,5
3512,6
3513,6
3517,6
3519,5
3520,5
3539,5
3543,6
3546,5
3557,6
3580,6
3594,1
3606,6
3617,6
3646,6
3667,5
3669,6
3695,6
3701,6
3705,6
3719,5
3728,6
3731,6
3755,5
3766,6
3768,6
3783,6
3797,5
3799,7
3806,6
3815,1
3819,6
3826,6
3835,6
3836,6
3840,6
3842,6
3849,7
3855,6
3860,5
3865,5
3874,6
3875,6
3878,6
3891,6
3900,6
3926,6
3945,5
3951,1
3968,6
3975,5
3976,5
3990,1
3996,1
3998,5
3999,6
4013,6
4016,6
4017,5
4021,5
4025,1
4039,6
4059,6
4065,6
4069,6
4099,6
4103,6
4107,1
4117,6
4128,6
4135,5
4136,5
4157,6
4162,5
4172,5
4177,6
4178,6
4185,6
4189,6
4208,5
4212,5
4214,6
4221,6
4236,5
4251,6
4253,5
4259,6
4263,1
4270,5
4273,5
4285,1
4288,6
4297,6
4300,5
4312,6
4318,6
4332,6
4344,6
4349,6
4351,5
4358,5
4363,5
4367,6
4369,5
4384,6
4414,6
4415,6
4422,5
4437,6
4466,6
4479,5
4482,6
4485,5
4487,6
4515,1
4517,6
4521,6
4572,5
4594,6
4596,6
4607,5
4612,6
4621,6
4645,1
4656,6
4674,6
4693,7
4695,6
4708,5
4719,6
4720,5
4725,5
4727,5
4750,5
4756,6
4761,1
4766,5
4769,5
4780,6
4783,1
4796,1
4797,6
4810,5
4815,5
4828,5
4837,5
4848,5
4853,1
4885,6
4888,6
4893,5
4895,6
4915,5
4922,5
4936,6
4946,6
4952,6
4978,6
4982,6
5004,6
5008,5
5009,5
5010,5
5011,1
5017,6
5021,5
5022,1
5040,5
5056,1
5065,6
5083,5
5095,5
5104,5
5113,5
5116,5
5125,7
5132,6
5144,5
5170,5
5184,6
5217,6
5227,5
5252,6
5253,5
5269,6
5277,6
5310,5
5318,5
5321,6
5329,6
5331,5
5335,6
5336,6
5337,6
5339,1
5351,6
5353,6
5362,5
5389,6
5392,6
5418,5
5419,5
5420,5
5427,1
5445,5
5488,6
5490,1
5498,6
5502,5
5505,6
5509,6
5518,6
5525,5
5530,6
5532,5
5540,6
5544,6
5547,6
5549,6
5575,5
5600,6
5632,5
5652,1
5661,6
5670,6
5683,5
5710,5
5737,6
5750,6
5752,6
5762,6
5774,6
5777,6
5784,5
5793,5
5796,6
5818,1
5829,5
5862,6
5863,5
5867,5
5882,5
5900,5
5902,7
5918,5
5920,6
5922,1
5926,5
5927,1
5930,6
5935,6
5936,6
5940,5
5943,7
5954,6
5985,6
5998,5
6002,5
6009,6
6030,6
6032,5
6033,6
6034,6
6038,6
6055,1
6059,6
6075,5
6079,5
6081,5
6099,5
6103,5
6104,5
6116,6
6118,5
6124,6
6149,6
6161,5
6169,1
6190,6
6200,5
6210,7
6212,6
6249,5
6265,5
6268,1
6272,5
6312,5
6350,6
6374,6
6377,6
6384,5
6386,1
6406,5
6408,6
6446,5
6450,1
6477,6
6494,6
6509,1
6510,1
6514,6
6517,1
6537,5
6553,5
6558,6
6572,6
6602,6
6624,6
6627,5
6631,6
6633,5
6637,1
6656,6
6663,6
6673,6
6678,6
6690,6
6713,5
6729,6
6748,5
6762,5
6766,5
6804,1
6812,5
6815,5
6820,5
6825,6
6829,6
6834,6
6845,5
6846,6
6848,6
6877,6
6878,1
6908,7
6930,6
6938,1
6939,5
6966,6
6976,6
7024,6
7046,6
7047,5
7049,6
7052,5
7055,5
7065,6
7070,6
7075,6
7097,6
7099,6
7112,5
7133,5
7136,6
7146,5
7154,5
7158,6
7160,5
7172,6
7195,6
7199,5
7218,6
7219,1
7235,6
7244,5
7255,6
7256,5
7258,6
7270,6
7275,5
7308,5
7337,6
7350,6
7355,5
7365,6
7384,6
7387,5
7410,5
7413,6
7424,6
7436,6
7439,5
7447,1
7462,6
7468,1
7470,6
7483,5
7497,5
7499,5
7501,5
7513,6
7519,5
7541,6
7549,5
7560,1
7574,6
7595,6
7611,7
7615,5
7616,6
7643,6
7648,6
7652,5
7655,5
7660,1
7686,5
7691,6
7696,6
7742,1
7746,1
7755,5
7756,5
7766,6
7767,6
7777,5
7806,5
7809,6
7823,5
7834,6
7837,6
7847,6
7867,6
7890,5
7891,6
7901,5
7903,6
7906,5
7923,6
7930,5
7932,6
7945,6
7954,5
7958,5
7961,6
7974,6
7987,6
8002,5
8003,5
8009,6
8014,6
8023,6
8046,6
8061,6
8065,5
8087,6
8103,7
8116,5
8118,6
8139,7
8141,5
8154,6
8159,6
8185,6
8193,5
8194,6
8219,5
8228,1
8229,6
8231,5
8237,5
8256,6
8278,6
8281,6
8291,1
8293,6
8299,6
8316,6
8320,5
8326,6
8330,5
8338,1
8346,6
8355,7
8356,5
8365,6
8371,6
8372,5
8378,1
8381,6
8390,5
8394,6
8398,1
8422,5
8426,5
8440,5
8460,6
8466,5
8493,5
8504,6
8510,6
8518,1
8519,1
8530,6
8573,6
8587,5
8592,6
8594,6
8622,6
8624,6
8638,6
8648,5
8665,6
8678,1
8690,5
8694,5
8712,6
8719,6
8722,6
8724,6
8769,6
8771,5
8786,7
8788,6
8797,5
8810,6
8820,1
8824,6
8844,5
8864,6
8876,6
8882,6
8883,6
8887,6
8892,6
8896,7
8916,6
8926,5
8947,5
8950,1
8960,5
8966,1
8967,6
8975,6
8980,5
8983,6
9003,6
9004,6
9005,5
9012,6
9013,6
9014,6
9028,6
9034,5
9035,1
9072,6
9076,5
9117,5
9123,1
9126,6
9132,6
9153,5
9193,6
9197,6
9198,6
9202,5
9204,5
9209,5
9219,5
9228,5
9230,7
9233,6
9236,6
9253,5
9254,6
9264,6
9265,5
9267,6
9269,1
9270,6
9299,6
9303,6
9305,5
9310,7
9320,6
9341,6
9343,6
9346,5
9347,6
9351,5
9370,6
9376,6
9377,5
9412,5
9425,5
9426,6
9431,5
9436,6
9451,5
9453,6
9473,6
9477,6
9492,6
9494,5
9513,6
9530,6
9535,5
9541,6
9548,6
9560,1
9570,6
9624,6
9634,6
9656,6
9674,6
9681,6
9682,6
9683,6
9687,1
9692,5
9698,7
9714,6
9718,6
9720,6
9731,6
9738,6
9749,6
9750,6
9791,5
9792,5
9793,6
9797,5
9799,7
9810,6
9811,5
9813,5
9815,6
9816,6
9821,6
9861,6
9869,5
9871,1
9885,6
9891,6
9894,5
9897,5
9905,5
9909,5
9923,6
9929,5
9931,5
9958,6
9959,6
9974,6
7,7
19,7
30,7
48,7
49,7
51,7
77,7
103,7
104,7
117,7
118,1
121,7
127,5
133,6
137,7
139,7
157,7
173,7
174,5
207,7
209,7
224,7
227,7
238,7
243,7
255,5
260,7
275,7
294,7
305,7
309,7
314,1
322,7
326,7
337,7
340,7
344,7
359,7
360,7
387,7
394,7
409,7
437,7
453,7
465,5
479,7
494,5
505,7
510,7
522,7
574,7
579,1
583,7
587,7
594,7
609,1
610,7
614,7
621,1
655,7
656,7
658,7
667,7
669,5
679,7
680,6
691,5
692,7
696,7
703,5
710,7
739,7
763,7
787,7
793,7
804,7
808,7
812,1
817,7
824,7
825,7
844,7
845,7
857,7
872,7
873,7
875,7
881,7
885,1
886,7
890,7
903,7
910,7
913,7
932,7
939,7
940,7
956,7
962,7
965,5
967,7
968,7
971,7
973,7
980,7
1004,5
1009,7
1011,7
1023,7
1031,7
1044,7
1052,7
1063,7
1066,5
1089,7
1093,5
1099,7
1101,7
1106,7
1115,7
1126,5
1130,7
1152,7
1157,7
1163,7
1167,7
1188,7
1206,7
1215,5
1235,7
1238,7
1240,7
1242,7
1252,7
1270,7
1316,7
1326,7
1334,7
1335,5
1339,7
1349,7
1359,1
1370,7
1385,7
1394,1
1398,7
1418,7
1432,7
1443,5
1444,7
1453,7
1460,7
1461,7
1495,7
1514,1
1515,7
1544,7
1559,7
1567,5
1577,7
1587,5
1588,7
1597,7
1598,7
1638,7
1659,7
1662,7
1684,7
1694,7
1709,7
1718,7
1724,7
1725,5
1750,7
1758,7
1761,7
1764,7
1767,7
1794,7
1829,7
1841,7
1847,7
1849,7
1894,7
1914,7
1918,7
1919,7
1930,7
1935,7
1956,7
1971,7
1976,7
1988,7
1996,7
2014,1
2042,7
2055,7
2061,7
2063,7
2081,7
2095,7
2131,7
2138,7
2139,7
2143,7
2179,7
2181,7
2182,7
2185,7
2211,7
2214,7
2236,7
2238,5
2253,7
2261,7
2269,7
2282,7
2290,7
2294,7
2297,1
2306,7
2315,7
2346,7
2392,7
2406,7
2415,7
2425,7
2426,7
2434,7
2436,7
2438,7
2442,7
2447,7
2457,7
2468,7
2476,7
2502,7
2509,7
2511,7
2546,7
2549,7
2554,7
2559,7
2571,7
2574,7
2591,1
2601,7
2608,7
2609,1
2618,7
2620,7
2625,7
2633,7
2636,7
2641,7
2642,7
2647,7
2649,7
2654,7
2665,7
2673,7
2679,7
2687,7
2692,7
2705,7
2716,7
2731,1
2740,7
2747,7
2750,1
2774,7
2779,7
2784,7
2790,7
2795,7
2800,7
2814,7
2816,7
2818,7
2823,7
2827,7
2840,7
2853,7
2862,7
2865,7
2878,7
2880,7
2891,7
2902,7
2910,7
2914,5
2917,7
2930,7
2935,7
2961,7
2964,6
2967,7
2968,7
2982,7
2985,7
2986,5
2993,7
3001,7
3005,7
3013,1
3016,7
3026,5
3033,7
3040,7
3047,7
3086,7
3109,1
3110,7
3113,7
3120,7
3123,7
3148,7
3149,7
3203,5
3205,7
3212,7
3214,1
3215,7
3224,7
3233,6
3235,7
3236,7
3239,1
3240,7
3242,7
3245,7
3264,5
3265,7
3289,7
3319,7
3320,7
3336,1
3339,7
3352,7
3361,7
3372,7
3376,1
3382,7
3389,7
3403,7
3406,7
3408,7
3421,5
3428,7
3444,1
3445,7
3454,7
3476,7
3499,7
3515,7
3524,5
3529,7
3532,7
3561,7
3568,7
3585,7
3590,7
3597,7
3603,7
3609,7
3611,7
3650,7
3654,7
3660,7
3662,7
3682,7
3692,5
3708,7
3725,7
3726,7
3730,7
3732,7
3733,7
3735,7
3744,7
3745,7
3754,7
3770,7
3772,7
3773,7
3780,7
3781,7
3785,7
3786,7
3787,7
3816,7
3823,7
3834,7
3858,7
3859,7
3861,7
3883,7
3885,5
3887,7
3889,5
3896,7
3899,7
3907,7
3922,1
3938,7
3959,7
3966,5
3977,5
3997,7
4028,7
4035,1
4037,7
4048,6
4075,7
4087,5
4088,7
4091,7
4095,7
4114,7
4140,7
4147,7
4149,7
4150,7
4167,7
4180,7
4181,7
4192,7
4201,7
4202,1
4206,7
4215,1
4235,7
4255,7
4260,7
4291,7
4293,7
4309,5
4340,7
4352,7
4364,7
4399,7
4409,7
4410,7
4426,7
4430,7
4434,7
4442,7
4445,7
4448,7
4456,7
4467,1
4470,7
4505,7
4508,7
4533,7
4535,7
4545,7
4558,7
4559,5
4562,7
4569,1
4577,7
4582,7
4583,7
4588,7
4591,7
4592,7
4593,7
4595,7
4604,7
4634,7
4641,7
4649,7
4666,7
4685,7
4737,7
4738,7
4758,7
4765,7
4772,7
4779,7
4789,7
4803,7
4805,7
4807,7
4821,7
4830,7
4839,5
4844,5
4862,7
4880,7
4887,7
4907,7
4917,7
4928,7
4929,1
4968,7
4969,7
4971,7
4972,1
4979,7
4980,7
4983,5
4991,1
4995,7
4999,7
5002,5
5016,7
5030,7
5033,7
5034,7
5045,7
5047,7
5049,7
5051,7
5057,7
5067,7
5076,7
5077,7
5109,7
5115,7
5118,7
5128,7
5135,7
5146,7
5181,5
5183,7
5185,7
5199,7
5201,7
5203,7
5212,7
5215,7
5216,7
5225,7
5232,7
5250,5
5254,7
5268,7
5271,7
5272,7
5275,7
5287,7
5291,5
5293,7
5299,7
5302,5
5304,7
5333,1
5347,7
5363,5
5367,1
5410,7
5417,7
5431,7
5441,1
5444,7
5456,7
5467,5
5482,5
5495,7
5516,7
5522,7
5531,1
5533,1
5551,7
5559,7
5562,7
5563,7
5576,1
5589,7
5601,7
5611,7
5622,7
5645,7
5650,7
5654,7
5655,7
5662,7
5674,7
5676,7
5691,7
5715,7
5724,7
5730,7
5759,7
5771,7
5775,7
5779,7
5780,7
5783,7
5787,7
5790,7
5798,7
5801,7
5823,7
5831,7
5834,7
5845,7
5847,7
5860,7
5861,7
5876,5
5877,7
5889,7
5898,7
5903,7
5904,7
5905,7
5915,7
5923,7
5944,5
5945,7
5946,7
5949,7
5953,5
5963,7
5964,7
5974,7
5977,7
5981,7
5988,7
5997,5
6006,7
6007,5
6010,5
6020,7
6022,7
6053,5
6066,7
6070,5
6096,7
6100,5
6110,7
6120,7
6122,5
6135,7
6165,7
6168,7
6175,7
6179,7
6183,7
6193,7
6197,7
6201,7
6232,7
6233,1
6235,7
6251,7
6254,7
6255,5
6256,7
6257,7
6261,7
6269,7
6283,7
6284,7
6296,7
6302,7
6345,7
6352,7
6373,7
6378,5
6383,7
6407,7
6413,1
6421,7
6425,7
6429,7
6434,5
6441,7
6443,7
6447,7
6453,7
6457,7
6460,7
6470,7
6481,7
6490,7
6491,7
6542,7
6557,7
6563,7
6568,7
6587,7
6589,7
6594,7
6603,7
6605,7
6607,7
6614,7
6625,5
6630,7
6675,7
6677,5
6686,5
6695,7
6700,7
6726,5
6740,7
6741,7
6744,7
6747,7
6758,5
6760,7
6764,7
6775,7
6777,7
6779,7
6787,7
6797,7
6823,7
6838,7
6842,7
6843,7
6875,7
6889,7
6891,7
6897,7
6900,7
6902,7
6912,7
6913,5
6914,5
6917,7
6927,7
6944,7
6948,7
6953,7
6963,7
6974,7
6975,7
6978,7
6988,7
6991,5
6994,7
7002,5
7012,6
7027,7
7030,7
7031,7
7044,7
7051,7
7061,7
7064,1
7086,7
7092,7
7094,7
7118,1
7132,7
7192,7
7193,5
7226,5
7236,7
7240,7
7248,7
7262,1
7268,7
7272,5
7274,7
7278,1
7292,7
7293,1
7307,7
7321,7
7322,1
7333,1
7349,7
7357,7
7358,7
7397,7
7402,7
7452,7
7455,7
7482,7
7488,7
7526,1
7529,7
7532,7
7550,7
7563,7
7565,7
7567,7
7570,7
7576,7
7606,5
7620,5
7622,1
7631,7
7632,7
7636,7
7637,7
7641,7
7647,7
7651,7
7669,7
7701,7
7702,7
7703,7
7711,7
7726,7
7728,7
7729,7
7744,7
7750,7
7752,7
7754,7
7758,7
7763,7
7781,5
7784,7
7786,7
7794,5
7799,7
7811,7
7814,7
7824,7
7839,7
7840,5
7871,7
7876,7
7878,7
7882,7
7884,7
7888,7
7895,7
7900,7
7953,7
7968,7
7969,7
7971,5
7972,7
7976,7
7983,7
8016,7
8024,5
8045,7
8047,7
8048,7
8057,7
8088,7
8089,7
8104,7
8120,7
8125,7
8127,7
8150,7
8156,7
8161,7
8183,7
8209,5
8218,7
8230,7
8239,7
8263,7
8265,5
8267,5
8273,7
8280,7
8300,7
8314,7
8324,7
8331,7
8350,7
8362,7
8374,7
8375,7
8379,5
8383,7
8386,7
8395,1
8406,7
8412,7
8416,5
8435,7
8459,1
8467,7
8494,7
8497,1
8511,7
8517,7
8533,7
8535,7
8536,7
8548,7
8561,7
8577,5
8588,7
8596,7
8608,7
8620,7
8631,1
8633,7
8639,1
8643,7
8646,5
8649,7
8659,7
8664,7
8666,7
8667,1
8681,7
8685,7
8691,7
8696,7
8708,7
8718,1
8737,7
8742,1
8752,7
8755,7
8756,7
8759,7
8762,7
8763,5
8798,7
8803,7
8812,7
8831,7
8850,7
8856,7
8870,7
8872,7
8873,7
8874,1
8875,1
8894,5
8899,7
8919,7
8946,7
8951,7
8962,7
8968,7
8974,7
8996,7
9001,7
9008,5
9019,5
9032,7
9054,6
9064,7
9074,7
9094,7
9097,7
9104,7
9106,7
9111,7
9114,7
9133,7
9137,7
9147,7
9161,7
9165,7
9180,7
9181,7
9184,7
9195,7
9206,7
9214,7
9216,7
9218,5
9231,7
9240,7
9243,7
9244,7
9252,7
9255,7
9260,5
9266,7
9318,7
9327,7
9380,7
9383,7
9384,7
9391,7
9415,7
9420,7
9439,7
9441,7
9462,7
9466,7
9488,7
9489,7
9491,7
9507,7
9510,7
9511,1
9519,7
9526,7
9532,7
9545,7
9555,7
9557,7
9562,5
9572,7
9574,7
9588,7
9592,7
9613,1
9630,7
